{"polyfill":["/polyfill.js","/polyfill.3ac49ab6d74a3a225be5.hot-update.js"],"commons":["/commons.css","/commons.js","/commons.3ac49ab6d74a3a225be5.hot-update.js"],"component---cache-dev-404-page-js":["/component---cache-dev-404-page-js.js"],"component---src-pages-aboutus-js":["/component---src-pages-aboutus-js.js","/component---src-pages-aboutus-js.3ac49ab6d74a3a225be5.hot-update.js"],"component---src-pages-blog-list-js":["/component---src-pages-blog-list-js.js"],"component---src-pages-index-js":["/component---src-pages-index-js.js"],"component---src-pages-news-js":["/component---src-pages-news-js.js"],"component---src-template-blog-post-js":["/component---src-template-blog-post-js.js"]}