{"namedChunkGroups":{"polyfill":{"name":"polyfill","assets":[{"name":"polyfill.js","size":756420},{"name":"polyfill.3ac49ab6d74a3a225be5.hot-update.js","size":904}],"filteredAssets":0,"assetsSize":757324,"filteredAuxiliaryAssets":0,"auxiliaryAssetsSize":0},"commons":{"name":"commons","assets":[{"name":"framework.js","size":2668740},{"name":"commons.css","size":4274018},{"name":"commons.js","size":2943864},{"name":"commons.3ac49ab6d74a3a225be5.hot-update.js","size":903}],"filteredAssets":0,"assetsSize":9887525,"filteredAuxiliaryAssets":0,"auxiliaryAssetsSize":0},"component---cache-dev-404-page-js":{"name":"component---cache-dev-404-page-js","assets":[{"name":"component---cache-dev-404-page-js.js","size":77424}],"filteredAssets":0,"assetsSize":77424,"filteredAuxiliaryAssets":0,"auxiliaryAssetsSize":0},"component---src-pages-aboutus-js":{"name":"component---src-pages-aboutus-js","assets":[{"name":"framework.js","size":2668740},{"name":"commons.css","size":4274018},{"name":"commons.js","size":2943864},{"name":"commons.3ac49ab6d74a3a225be5.hot-update.js","size":903},{"name":"component---src-pages-aboutus-js.js","size":919056},{"name":"component---src-pages-aboutus-js.3ac49ab6d74a3a225be5.hot-update.js","size":8707}],"filteredAssets":0,"assetsSize":10815288,"filteredAuxiliaryAssets":2,"auxiliaryAssetsSize":455582},"component---src-pages-blog-list-js":{"name":"component---src-pages-blog-list-js","assets":[{"name":"framework.js","size":2668740},{"name":"commons.css","size":4274018},{"name":"commons.js","size":2943864},{"name":"commons.3ac49ab6d74a3a225be5.hot-update.js","size":903},{"name":"component---src-pages-blog-list-js.js","size":943357}],"filteredAssets":0,"assetsSize":10830882,"filteredAuxiliaryAssets":0,"auxiliaryAssetsSize":0},"component---src-pages-index-js":{"name":"component---src-pages-index-js","assets":[{"name":"framework.js","size":2668740},{"name":"commons.css","size":4274018},{"name":"commons.js","size":2943864},{"name":"commons.3ac49ab6d74a3a225be5.hot-update.js","size":903},{"name":"component---src-pages-index-js.js","size":1481704}],"filteredAssets":0,"assetsSize":11369229,"filteredAuxiliaryAssets":1,"auxiliaryAssetsSize":4640702},"component---src-pages-news-js":{"name":"component---src-pages-news-js","assets":[{"name":"framework.js","size":2668740},{"name":"commons.css","size":4274018},{"name":"commons.js","size":2943864},{"name":"commons.3ac49ab6d74a3a225be5.hot-update.js","size":903},{"name":"component---src-pages-news-js.js","size":926377}],"filteredAssets":0,"assetsSize":10813902,"filteredAuxiliaryAssets":0,"auxiliaryAssetsSize":0},"component---src-template-blog-post-js":{"name":"component---src-template-blog-post-js","assets":[{"name":"framework.js","size":2668740},{"name":"commons.css","size":4274018},{"name":"commons.js","size":2943864},{"name":"commons.3ac49ab6d74a3a225be5.hot-update.js","size":903},{"name":"component---src-template-blog-post-js.js","size":891543}],"filteredAssets":0,"assetsSize":10779068,"filteredAuxiliaryAssets":0,"auxiliaryAssetsSize":0}},"assetsByChunkName":{"polyfill":["polyfill.js","polyfill.3ac49ab6d74a3a225be5.hot-update.js"],"commons":["framework.js","commons.css","commons.js","commons.3ac49ab6d74a3a225be5.hot-update.js"],"component---cache-dev-404-page-js":["component---cache-dev-404-page-js.js"],"component---src-pages-aboutus-js":["framework.js","commons.css","commons.js","commons.3ac49ab6d74a3a225be5.hot-update.js","component---src-pages-aboutus-js.js","component---src-pages-aboutus-js.3ac49ab6d74a3a225be5.hot-update.js"],"component---src-pages-blog-list-js":["framework.js","commons.css","commons.js","commons.3ac49ab6d74a3a225be5.hot-update.js","component---src-pages-blog-list-js.js"],"component---src-pages-index-js":["framework.js","commons.css","commons.js","commons.3ac49ab6d74a3a225be5.hot-update.js","component---src-pages-index-js.js"],"component---src-pages-news-js":["framework.js","commons.css","commons.js","commons.3ac49ab6d74a3a225be5.hot-update.js","component---src-pages-news-js.js"],"component---src-template-blog-post-js":["framework.js","commons.css","commons.js","commons.3ac49ab6d74a3a225be5.hot-update.js","component---src-template-blog-post-js.js"]},"childAssetsByChunkName":{}}