{"data":{"allMarkdownRemark":{"edges":[{"node":{"frontmatter":{"heading":"In the news","NewsCards":[{"title":"“VIP clienteling gets a tech makeover.”","icon":"https://2hrmp9bzmmx3f0xil1wyssgx-wpengine.netdna-ssl.com/wp-content/uploads/2021/05/VogueBusiness.svg","backgroundColor":"#7a8c6d"},{"title":"“Post-pandemic playbook Reviving US department stores.”","icon":"https://2hrmp9bzmmx3f0xil1wyssgx-wpengine.netdna-ssl.com/wp-content/uploads/2021/05/VogueBusiness.svg","backgroundColor":"#c29ce5"},{"title":"“Podcast Ep. 29 - Adam Levene","icon":"https://2hrmp9bzmmx3f0xil1wyssgx-wpengine.netdna-ssl.com/wp-content/uploads/2021/05/RetailOasis.svg","backgroundColor":"#035973"},{"title":"“Virtual Shopping to the Rescue.”","icon":"https://2hrmp9bzmmx3f0xil1wyssgx-wpengine.netdna-ssl.com/wp-content/uploads/2021/05/SourcingJournal.svg","backgroundColor":"#fcb09c"},{"title":"“Coronavirus closings create virtual consultation uptick in beauty.”","icon":"https://2hrmp9bzmmx3f0xil1wyssgx-wpengine.netdna-ssl.com/wp-content/uploads/2021/05/TheIndustryFashion.svg","backgroundColor":"#7596e5"},{"title":"“Incu customers are 11 times more likely to buy because of this.”","icon":"https://2hrmp9bzmmx3f0xil1wyssgx-wpengine.netdna-ssl.com/wp-content/uploads/2021/05/ragtrader.svg","backgroundColor":"#7a8c6d"},{"title":"“Coronavirus closings create virtual consultation uptick in beauty.”","icon":"https://2hrmp9bzmmx3f0xil1wyssgx-wpengine.netdna-ssl.com/wp-content/uploads/2021/05/WWD.svg","backgroundColor":"#c29ce5"},{"title":"“Virtual shopping is set to be the next major trend in retail.”","icon":"https://2hrmp9bzmmx3f0xil1wyssgx-wpengine.netdna-ssl.com/wp-content/uploads/2021/05/Charged.svg","backgroundColor":"#035973"},{"title":"“How to Build a One-on-One Relationship With Your Customer.”","icon":"https://2hrmp9bzmmx3f0xil1wyssgx-wpengine.netdna-ssl.com/wp-content/uploads/2021/05/BOF.svg","backgroundColor":"#fcb09c"}]}}}]}}}