{"data":{"allMarkdownRemark":{"edges":[{"node":{"id":"391371c0-8773-5324-8a50-4f7d431f4c07","frontmatter":{"SliderContent":[{"title":"“\"One of Credo’s store managers had an $800 sale on her first try\"”","slogan":"Dawn Dobras, CEO - Credo Beauty","image":"https://2hrmp9bzmmx3f0xil1wyssgx-wpengine.netdna-ssl.com/wp-content/uploads/2021/01/imgCarouselCredoAltCrop@2x-933x1024.jpg","icon":"https://2hrmp9bzmmx3f0xil1wyssgx-wpengine.netdna-ssl.com/wp-content/uploads/2021/01/icRetailerCredo.svg","color":"#fa3d3d","backgroundColor":"#fcb09c"},{"title":"“We went on to exceed our initial business case and deliver six-figure sales in the first 12 weeks”","slogan":"Aaron Detrick, VP Digital - rag & bone","image":"https://2hrmp9bzmmx3f0xil1wyssgx-wpengine.netdna-ssl.com/wp-content/uploads/2021/01/imgCarousel.png","icon":"https://2hrmp9bzmmx3f0xil1wyssgx-wpengine.netdna-ssl.com/wp-content/uploads/2021/01/icQuoteRetailerRagAndBone-1.svg","color":"#c29ce5","backgroundColor":"#035973"},{"title":"“Helps us bridge the gap between our physical and online showrooms”","slogan":"Anne Catapano, Head of ecommerce - Jonathan Adler","image":"https://2hrmp9bzmmx3f0xil1wyssgx-wpengine.netdna-ssl.com/wp-content/uploads/2021/01/imgCarouselJonathanAdlerS@2x-643x1024.jpg","icon":"https://2hrmp9bzmmx3f0xil1wyssgx-wpengine.netdna-ssl.com/wp-content/uploads/2021/01/icRetailerJonathanAdler.svg","color":"#fcb09c","backgroundColor":"#144f45"}],"heading":"One of credos's store managers had an $800 sale on her first try","subHeading":"Dawn Dobras, CEO - Credo Beauty","SliderIcons":[{"img":"https://2hrmp9bzmmx3f0xil1wyssgx-wpengine.netdna-ssl.com/wp-content/uploads/2021/01/icRetailer48Nike-1.svg"},{"img":"https://2hrmp9bzmmx3f0xil1wyssgx-wpengine.netdna-ssl.com/wp-content/uploads/2021/01/icRetailer48Levis-1.svg"},{"img":"https://2hrmp9bzmmx3f0xil1wyssgx-wpengine.netdna-ssl.com/wp-content/uploads/2021/01/icRetailer48Sephora-1.svg"},{"img":"https://2hrmp9bzmmx3f0xil1wyssgx-wpengine.netdna-ssl.com/wp-content/uploads/2021/01/icRetailer48HermanMiller-1.svg"},{"img":"https://2hrmp9bzmmx3f0xil1wyssgx-wpengine.netdna-ssl.com/wp-content/uploads/2021/01/icRetailer48Annoushka.svg"},{"img":"https://2hrmp9bzmmx3f0xil1wyssgx-wpengine.netdna-ssl.com/wp-content/uploads/2021/01/icRetailer48JonathanAdler.svg"},{"img":"https://2hrmp9bzmmx3f0xil1wyssgx-wpengine.netdna-ssl.com/wp-content/uploads/2021/01/icRetailer48Three.svg"}]}}}]}}}