{"data":{"allMarkdownRemark":{"edges":[{"node":{"frontmatter":{"heading":"WITH YOU. EVERY STEP OF THE WAY.","button":"meet our team","link":"","CardData":[{"title":"EASY TO GET STARTED","icon":"https://2hrmp9bzmmx3f0xil1wyssgx-wpengine.netdna-ssl.com/wp-content/uploads/2021/02/icIllustrationCardEasyToGetStarted.svg","description":"Get started with low-touch installation, fast onboarding and dedicated training."},{"title":"DEDICATED SUPPORT","icon":"https://2hrmp9bzmmx3f0xil1wyssgx-wpengine.netdna-ssl.com/wp-content/uploads/2021/02/icIllustrationCardDedicatedSupport.svg","description":"Our customer success team will ensure a smooth launch and help you maximize performance."},{"title":"GLOBAL SCALE","icon":"https://2hrmp9bzmmx3f0xil1wyssgx-wpengine.netdna-ssl.com/wp-content/uploads/2021/02/icIllustrationCardGlobalScale.svg","description":"Hero is used globally by brands in more than 31 markets across 14 languages."}],"path":"/home/vc-cards"}}}]}}}