{"data":{"allMarkdownRemark":{"edges":[{"node":{"frontmatter":{"title":"HERO® Marketing Kit","para":"Go to our Marketing Kit ","image":"https://2hrmp9bzmmx3f0xil1wyssgx-wpengine.netdna-ssl.com/wp-content/uploads/2021/05/HERO-Marketing-Kit.jpg","description":"Everything you need to market and promote Virtual Shopping to your customers 🚀"}}},{"node":{"frontmatter":{"title":"Using our brand","para":"Go to our Brand Guide","image":"https://2hrmp9bzmmx3f0xil1wyssgx-wpengine.netdna-ssl.com/wp-content/uploads/2021/05/HERO-Brand.jpg","description":"These guidelines are here to help you make use of the HERO® logo."}}}]}}}