{"data":{"allMarkdownRemark":{"edges":[{"node":{"frontmatter":{"title":"Take your shopping experience to the next level.","subTitle":"Available for all eCommerce platforms.","para1":"Running on Shopify?","para2":"Learn more.","para2Link":"","icon":"https://2hrmp9bzmmx3f0xil1wyssgx-wpengine.netdna-ssl.com/wp-content/uploads/2021/01/icShopify.svg","heading":"GET STARTED","image":"https://2hrmp9bzmmx3f0xil1wyssgx-wpengine.netdna-ssl.com/wp-content/uploads/2021/02/icIllustrationWatchADemo.svg","link":""}}}]}}}