{"data":{"allMarkdownRemark":{"edges":[{"node":{"frontmatter":{"title":"Axel Arigato Launches Virtual Shopping Experience in Partnership With HERO®","slug":"Herman Miller Group Extends High-Touch Service to Online Shoppers With HERO®","date":"June 30,2021","subTitle":"Newsroom","image":"https://2hrmp9bzmmx3f0xil1wyssgx-wpengine.netdna-ssl.com/wp-content/uploads/2020/06/UNTUCKit-Header-1340x894.jpg"}}},{"node":{"frontmatter":{"title":"Axel Arigato Launches Virtual Shopping Experience in Partnership With HERO®","slug":"Annoushka Brings Jewelry to Life Virtually With HERO®","date":"June 30,2021","subTitle":"Newsroom","image":"https://2hrmp9bzmmx3f0xil1wyssgx-wpengine.netdna-ssl.com/wp-content/uploads/2019/05/Annoushka-Header-1340x894.jpg"}}}]}}}