{"data":{"allMarkdownRemark":{"edges":[{"node":{"id":"f715eeb4-d8fc-5d5c-80e8-f46700953e37","frontmatter":{"title":"BE THERE. VIRTUALLY.","desc2":"Now they can shop with you the same way.","desc":"Your customers love to watch, chat and video call.","MidContent":[{"icon":"https://2hrmp9bzmmx3f0xil1wyssgx-wpengine.netdna-ssl.com/wp-content/uploads/2021/02/icIllustrationHomeInspireVisitors.svg","slogan":"Inspire visitors","title":"ONE-TO-MANY VIDEO","title2":"SHOPPING","link":"","left":true,"video":"https://2hrmp9bzmmx3f0xil1wyssgx-wpengine.netdna-ssl.com/wp-content/uploads/2021/01/vidShoppableStories.mp4","description":"Bring products to life by adding the power of authentic, one-to-many video shopping to your online store.","image":null},{"icon":"https://2hrmp9bzmmx3f0xil1wyssgx-wpengine.netdna-ssl.com/wp-content/uploads/2021/02/icIllustrationHomeConvertShoppers.svg","slogan":"Convert shoppers","title":"ONE-TO-ONE","title2":"VIRTUAL SHOPPING","link":"","left":false,"video":"https://2hrmp9bzmmx3f0xil1wyssgx-wpengine.netdna-ssl.com/wp-content/uploads/2021/02/vidLiveChatVideoCall@2x.mp4","description":"Assist shoppers with live 1-on-1 product advice the way they prefer: over chat and video calling.","image":null},{"icon":"https://2hrmp9bzmmx3f0xil1wyssgx-wpengine.netdna-ssl.com/wp-content/uploads/2021/02/icIllustrationHomeVirtualClienteling.svg","slogan":"Retain customers","title":"VIRTUAL","title2":"CLIENTELING","link":"","left":true,"video":"","description":"Keep customers coming back long after they leave your store. Stay in touch via text, email and WhatsApp.","image":"https://2hrmp9bzmmx3f0xil1wyssgx-wpengine.netdna-ssl.com/wp-content/uploads/2021/02/imgRetainStatic@2x.png"}]}}}]}}}