{"data":{"allMarkdownRemark":{"edges":[{"node":{"frontmatter":{"title":"Axel Arigato Launches Virtual Shopping Experience in Partnership With HERO®","slug":"Herman Miller Group Extends High-Touch Service to Online Shoppers With HERO®","date":"June 30,2021","subTitle":"Newsroom","image":"https://2hrmp9bzmmx3f0xil1wyssgx-wpengine.netdna-ssl.com/wp-content/uploads/2020/06/UNTUCKit-Header-1340x894.jpg"}}},{"node":{"frontmatter":{"title":"Axel Arigato Launches Virtual Shopping Experience in Partnership With HERO®","slug":"Annoushka Brings Jewelry to Life Virtually With HERO®","date":"June 30,2021","subTitle":"Newsroom","image":"https://2hrmp9bzmmx3f0xil1wyssgx-wpengine.netdna-ssl.com/wp-content/uploads/2019/05/Annoushka-Header-1340x894.jpg"}}},{"node":{"frontmatter":{"title":"Axel Arigato Launches Virtual Shopping Experience in Partnership With HERO®","slug":"Harvey Nichols Is Taking Personal Shopping Virtual With HERO®","date":"June 30,2021","subTitle":"Newsroom","image":"https://2hrmp9bzmmx3f0xil1wyssgx-wpengine.netdna-ssl.com/wp-content/uploads/2020/06/UNTUCKit-Header-1340x894.jpg"}}},{"node":{"frontmatter":{"title":"Axel Arigato Launches Virtual Shopping Experience in Partnership With HERO®","slug":"Neal’s Yard Remedies & HERO® Deliver Decades of Holistic Health & Beauty Virtually","date":"June 30,2021","subTitle":"Newsroom","image":"https://2hrmp9bzmmx3f0xil1wyssgx-wpengine.netdna-ssl.com/wp-content/uploads/2020/09/NYR-Header-1340x894.jpg"}}},{"node":{"frontmatter":{"title":"Axel Arigato Launches Virtual Shopping Experience in Partnership With HERO®","slug":"Harvey Nichols Is Taking Personal Shopping Virtual With HERO®","date":"June 30,2021","subTitle":"Newsroom","image":"https://2hrmp9bzmmx3f0xil1wyssgx-wpengine.netdna-ssl.com/wp-content/uploads/2020/06/UNTUCKit-Header-1340x894.jpg"}}},{"node":{"frontmatter":{"title":"Axel Arigato Launches Virtual Shopping Experience in Partnership With HERO®","slug":"Jonathan Adler Delivers the Experience of the Showroom Virtually With HERO®","date":"June 30,2021","subTitle":"Newsroom","image":"https://2hrmp9bzmmx3f0xil1wyssgx-wpengine.netdna-ssl.com/wp-content/uploads/2019/05/Jonathan-Adler-Header-1340x894.png"}}},{"node":{"frontmatter":{"title":"Axel Arigato Launches Virtual Shopping Experience in Partnership With HERO®","slug":"Harvey Nichols Is Taking Personal Shopping Virtual With HERO®","date":"June 30,2021","subTitle":"Newsroom","image":"https://2hrmp9bzmmx3f0xil1wyssgx-wpengine.netdna-ssl.com/wp-content/uploads/2020/06/UNTUCKit-Header-1340x894.jpg"}}},{"node":{"frontmatter":{"title":"Axel Arigato Launches Virtual Shopping Experience in Partnership With HERO®","slug":"Three Partners With HERO® to Launch Three Store Now","date":"June 30,2021","subTitle":"Newsroom","image":"https://2hrmp9bzmmx3f0xil1wyssgx-wpengine.netdna-ssl.com/wp-content/uploads/2019/10/Three-Header-1340x894.jpg"}}},{"node":{"frontmatter":{"title":"Axel Arigato Launches Virtual Shopping Experience in Partnership With HERO®","slug":"Innersense Delivers the Hair Salon Experience Virtually With HERO®","date":"June 30,2021","subTitle":"Newsroom","image":"https://2hrmp9bzmmx3f0xil1wyssgx-wpengine.netdna-ssl.com/wp-content/uploads/2021/02/Innersense-Header6-1340x894.jpg"}}},{"node":{"frontmatter":{"title":"Axel Arigato Launches Virtual Shopping Experience in Partnership With HERO®","slug":"Harvey Nichols Is Taking Personal Shopping Virtual With HERO®","date":"June 30,2021","subTitle":"Newsroom","image":"https://2hrmp9bzmmx3f0xil1wyssgx-wpengine.netdna-ssl.com/wp-content/uploads/2020/06/UNTUCKit-Header-1340x894.jpg"}}},{"node":{"frontmatter":{"title":"Axel Arigato Launches Virtual Shopping Experience in Partnership With HERO®","slug":"Heal’s Delivers Centuries of Design Wisdom to Online Shoppers With HERO®","date":"June 30,2021","subTitle":"Newsroom","image":"https://2hrmp9bzmmx3f0xil1wyssgx-wpengine.netdna-ssl.com/wp-content/uploads/2017/12/heals-Banner-1340x894.jpg"}}},{"node":{"frontmatter":{"title":"Axel Arigato Launches Virtual Shopping Experience in Partnership With HERO®","slug":"Harvey Nichols Is Taking Personal Shopping Virtual With HERO®","date":"June 30,2021","subTitle":"Newsroom","image":"https://2hrmp9bzmmx3f0xil1wyssgx-wpengine.netdna-ssl.com/wp-content/uploads/2020/06/UNTUCKit-Header-1340x894.jpg"}}},{"node":{"frontmatter":{"title":"Axel Arigato Launches Virtual Shopping Experience in Partnership With HERO®","slug":"Accent Group Partners With HERO® to Bring Virtual Shopping to Its Global Brands","date":"June 30,2021","subTitle":"Newsroom","image":"https://2hrmp9bzmmx3f0xil1wyssgx-wpengine.netdna-ssl.com/wp-content/uploads/2020/08/Accent-Group-Banner-1340x894.jpg"}}},{"node":{"frontmatter":{"title":"Axel Arigato Launches Virtual Shopping Experience in Partnership With HERO®","slug":"The Detox Market Brings Green Beauty to Online Shoppers With HERO®","date":"June 30,2021","subTitle":"Newsroom","image":"https://2hrmp9bzmmx3f0xil1wyssgx-wpengine.netdna-ssl.com/wp-content/uploads/2021/02/The-Detox-Market-Header2-1340x894.jpg"}}},{"node":{"frontmatter":{"title":"Axel Arigato Launches Virtual Shopping Experience in Partnership With HERO®","slug":"Credo Helps Online Shoppers Find Clean Beauty Virtually With HERO®","date":"June 30,2021","subTitle":"Newsroom","image":"https://2hrmp9bzmmx3f0xil1wyssgx-wpengine.netdna-ssl.com/wp-content/uploads/2019/02/Credo-Beauty-Header-1340x894.jpg"}}},{"node":{"frontmatter":{"title":"Axel Arigato Launches Virtual Shopping Experience in Partnership With HERO®","slug":"Faherty Teams Up With HERO® to Launch Virtual Shopping Service","date":"June 30,2021","subTitle":"Newsroom","image":"https://2hrmp9bzmmx3f0xil1wyssgx-wpengine.netdna-ssl.com/wp-content/uploads/2020/09/Faherty-Header-1340x894.jpg"}}},{"node":{"frontmatter":{"title":"Axel Arigato Launches Virtual Shopping Experience in Partnership With HERO®","slug":"Harvey Nichols Is Taking Personal Shopping Virtual With HERO®","date":"June 30,2021","subTitle":"Newsroom","image":"https://2hrmp9bzmmx3f0xil1wyssgx-wpengine.netdna-ssl.com/wp-content/uploads/2020/06/UNTUCKit-Header-1340x894.jpg"}}},{"node":{"frontmatter":{"title":"Axel Arigato Launches Virtual Shopping Experience in Partnership With HERO®","slug":"HERO® Helps Bring abc carpet & home to a New Generation of Shoppers","date":"June 30,2021","subTitle":"Newsroom","image":"https://2hrmp9bzmmx3f0xil1wyssgx-wpengine.netdna-ssl.com/wp-content/uploads/2020/10/Abc-home-Header-1340x894.jpg"}}},{"node":{"frontmatter":{"title":"Axel Arigato Launches Virtual Shopping Experience in Partnership With HERO®","slug":"Harvey Nichols Is Taking Personal Shopping Virtual With HERO®","date":"June 30,2021","subTitle":"Newsroom","image":"https://2hrmp9bzmmx3f0xil1wyssgx-wpengine.netdna-ssl.com/wp-content/uploads/2020/06/UNTUCKit-Header-1340x894.jpg"}}}]}}}