{"data":{"allMarkdownRemark":{"edges":[{"node":{"id":"7f7b7740-b4e5-53e9-bf39-7b3d20d91fa3","frontmatter":{"title":"THE REAL WAY","title2":"TO SHOP VIRTUALLY.","slogan":"Add the IRL experience to your online store with the #1 virtual shopping platform.","path":"/home/hero-section","images":[{"img":"https://2hrmp9bzmmx3f0xil1wyssgx-wpengine.netdna-ssl.com/wp-content/uploads/2021/01/icRetailer48Nike-1.svg"},{"img":"https://2hrmp9bzmmx3f0xil1wyssgx-wpengine.netdna-ssl.com/wp-content/uploads/2021/01/icRetailer48Levis-1.svg"},{"img":"https://2hrmp9bzmmx3f0xil1wyssgx-wpengine.netdna-ssl.com/wp-content/uploads/2021/01/icRetailer48Sephora-1.svg"},{"img":"https://2hrmp9bzmmx3f0xil1wyssgx-wpengine.netdna-ssl.com/wp-content/uploads/2021/01/icRetailer48HermanMiller-1.svg"}],"video":"https://2hrmp9bzmmx3f0xil1wyssgx-wpengine.netdna-ssl.com/wp-content/uploads/2021/04/vidHeroMainLoopPortrait@2x.mp4","get_started_link":"","watch_demo_link":""}}}]}}}