{"data":{"allMarkdownRemark":{"edges":[{"node":{"frontmatter":{"slug":"Annoushka Brings Jewelry to Life Virtually With HERO®","icon":"https://2hrmp9bzmmx3f0xil1wyssgx-wpengine.netdna-ssl.com/wp-content/uploads/2019/05/icRetailerTileAnnoushka.svg","divClass":"item card-item d-flex item-272 col-6 col-md-3","aClass":"card card-case-study text-white w-100 rounded-0","figureClass":"card-case-img justify-content-center d-flex text-center mb-0","scriptSrc":"https://2hrmp9bzmmx3f0xil1wyssgx-wpengine.netdna-ssl.com/wp-content/uploads/2019/05/icRetailerTileAnnoushka.svg","id":6,"div":false,"button":null,"cardBody":null}}},{"node":{"frontmatter":{"slug":"Harvey Nichols Is Taking Personal Shopping Virtual With HERO®","icon":"https://2hrmp9bzmmx3f0xil1wyssgx-wpengine.netdna-ssl.com/wp-content/uploads/2021/01/icRetailerTileNike.svg","divClass":"item card-item d-flex item-2523 col-6 col-md-3","aClass":"card card-case-study text-white w-100 rounded-0 card-disabled","figureClass":"card-case-img justify-content-center d-flex text-center mb-0","scriptSrc":"https://2hrmp9bzmmx3f0xil1wyssgx-wpengine.netdna-ssl.com/wp-content/uploads/2018/03/icRetailerTileHarveyNichols.svg","id":7,"div":true,"button":null,"cardBody":null}}},{"node":{"frontmatter":{"slug":"Neal’s Yard Remedies & HERO® Deliver Decades of Holistic Health & Beauty Virtually","icon":"https://2hrmp9bzmmx3f0xil1wyssgx-wpengine.netdna-ssl.com/wp-content/uploads/2020/09/icRetailerTileNealsYard.svg","divClass":"item card-item d-flex item-1490 col-6 col-md-3","aClass":"card card-case-study text-white w-100 rounded-0","figureClass":"card-case-img justify-content-center d-flex text-center mb-0","scriptSrc":"https://2hrmp9bzmmx3f0xil1wyssgx-wpengine.netdna-ssl.com/wp-content/uploads/2020/09/icRetailerTileNealsYard.svg","id":8,"div":false,"button":null,"cardBody":null}}},{"node":{"frontmatter":{"slug":"Harvey Nichols Is Taking Personal Shopping Virtual With HERO®","icon":"https://2hrmp9bzmmx3f0xil1wyssgx-wpengine.netdna-ssl.com/wp-content/uploads/2021/01/icRetailerTileAliceAndOlivia.svg","divClass":"item card-item d-flex item-2520 col-6 col-md-3","aClass":"card card-case-study text-white w-100 rounded-0 card-disabled","figureClass":"card-case-img justify-content-center d-flex text-center mb-0","scriptSrc":"https://2hrmp9bzmmx3f0xil1wyssgx-wpengine.netdna-ssl.com/wp-content/uploads/2021/01/icRetailerTileAliceAndOlivia.svg","id":9,"div":true,"button":null,"cardBody":null}}},{"node":{"frontmatter":{"slug":"Jonathan Adler Delivers the Experience of the Showroom Virtually With HERO®","icon":"https://2hrmp9bzmmx3f0xil1wyssgx-wpengine.netdna-ssl.com/wp-content/uploads/2019/05/icRetailerJonathanAdler.svg","divClass":"item card-item d-flex item-294 col-md-6","aClass":"card card-case-study text-white ft__sm w-100 rounded-0 p-10","figureClass":"card-case-img justify-content-center d-flex text-center mb-0","scriptSrc":"https://2hrmp9bzmmx3f0xil1wyssgx-wpengine.netdna-ssl.com/wp-content/uploads/2019/05/icRetailerJonathanAdler.svg","id":10,"div":true,"button":"Read full story","cardBody":"“Helps us bridge the gap between our physical and online showrooms.”"}}},{"node":{"frontmatter":{"slug":"Harvey Nichols Is Taking Personal Shopping Virtual With HERO®","icon":"https://2hrmp9bzmmx3f0xil1wyssgx-wpengine.netdna-ssl.com/wp-content/uploads/2021/01/icRetailerTileLevis.svg","divClass":"item card-item d-flex item-2517 col-6 col-md-3","aClass":"card card-case-study text-white w-100 rounded-0 card-disabled","figureClass":"card-case-img justify-content-center d-flex text-center mb-0","scriptSrc":"https://2hrmp9bzmmx3f0xil1wyssgx-wpengine.netdna-ssl.com/wp-content/uploads/2021/01/icRetailerTileLevis.svg","id":11,"div":true,"button":null,"cardBody":null}}},{"node":{"frontmatter":{"slug":"Three Partners With HERO® to Launch Three Store Now","icon":"https://2hrmp9bzmmx3f0xil1wyssgx-wpengine.netdna-ssl.com/wp-content/uploads/2019/10/icRetailerTileThree.svg","divClass":"item card-item d-flex item-227 col-6 col-md-3","aClass":"card card-case-study text-white w-100 rounded-0","figureClass":"card-case-img justify-content-center d-flex text-center mb-0","scriptSrc":"https://2hrmp9bzmmx3f0xil1wyssgx-wpengine.netdna-ssl.com/wp-content/uploads/2019/10/icRetailerTileThree.svg","id":12,"div":false,"button":null,"cardBody":null}}},{"node":{"frontmatter":{"slug":"Innersense Delivers the Hair Salon Experience Virtually With HERO®","icon":"https://2hrmp9bzmmx3f0xil1wyssgx-wpengine.netdna-ssl.com/wp-content/uploads/2021/01/icRetailerTileInnersense.svg","divClass":"item card-item d-flex item-2888 col-6 col-md-3","aClass":"card card-case-study text-white w-100 rounded-0","figureClass":"card-case-img justify-content-center d-flex text-center mb-0","scriptSrc":"https://2hrmp9bzmmx3f0xil1wyssgx-wpengine.netdna-ssl.com/wp-content/uploads/2021/01/icRetailerTileInnersense.svg","id":13,"div":false,"button":null,"cardBody":null}}},{"node":{"frontmatter":{"slug":"Harvey Nichols Is Taking Personal Shopping Virtual With HERO®","icon":"https://2hrmp9bzmmx3f0xil1wyssgx-wpengine.netdna-ssl.com/wp-content/uploads/2021/01/icRetailerTileChloe.svg","divClass":"item card-item d-flex item-2512 col-6 col-md-3","aClass":"card card-case-study text-white w-100 rounded-0 card-disabled","figureClass":"card-case-img justify-content-center d-flex text-center mb-0","scriptSrc":"https://2hrmp9bzmmx3f0xil1wyssgx-wpengine.netdna-ssl.com/wp-content/uploads/2018/03/icRetailerTileHarveyNichols.svg","id":14,"div":true,"button":null,"cardBody":null}}},{"node":{"frontmatter":{"slug":"Heal’s Delivers Centuries of Design Wisdom to Online Shoppers With HERO®","icon":"https://2hrmp9bzmmx3f0xil1wyssgx-wpengine.netdna-ssl.com/wp-content/uploads/2017/12/icRetailerTileHeals.svg","divClass":"item card-item d-flex item-334 col-6 col-md-3","aClass":"card card-case-study text-white w-100 rounded-0","figureClass":"card-case-img justify-content-center d-flex text-center mb-0","scriptSrc":"https://2hrmp9bzmmx3f0xil1wyssgx-wpengine.netdna-ssl.com/wp-content/uploads/2017/12/icRetailerTileHeals.svg","id":15,"div":false,"button":null,"cardBody":null}}},{"node":{"frontmatter":{"slug":"Harvey Nichols Is Taking Personal Shopping Virtual With HERO®","icon":"https://2hrmp9bzmmx3f0xil1wyssgx-wpengine.netdna-ssl.com/wp-content/uploads/2021/01/icRetailerTileBerluti.svg","divClass":"item card-item d-flex item-2509 col-6 col-md-3","aClass":"card card-case-study text-white w-100 rounded-0 card-disabled","figureClass":"card-case-img justify-content-center d-flex text-center mb-0","scriptSrc":"https://2hrmp9bzmmx3f0xil1wyssgx-wpengine.netdna-ssl.com/wp-content/uploads/2021/01/icRetailerTileBerluti.svg","id":16,"div":true,"button":null,"cardBody":null}}},{"node":{"frontmatter":{"slug":"Accent Group Partners With HERO® to Bring Virtual Shopping to Its Global Brands","icon":"https://2hrmp9bzmmx3f0xil1wyssgx-wpengine.netdna-ssl.com/wp-content/uploads/2020/08/icRetailerTileAccentGroup.svg","divClass":"item card-item d-flex item-1093 col-6 col-md-3","aClass":"card card-case-study text-white w-100 rounded-0","figureClass":"card-case-img justify-content-center d-flex text-center mb-0","scriptSrc":"https://2hrmp9bzmmx3f0xil1wyssgx-wpengine.netdna-ssl.com/wp-content/uploads/2020/08/icRetailerTileAccentGroup.svg","id":17,"div":false,"button":null,"cardBody":null}}},{"node":{"frontmatter":{"slug":"The Detox Market Brings Green Beauty to Online Shoppers With HERO®","icon":"https://2hrmp9bzmmx3f0xil1wyssgx-wpengine.netdna-ssl.com/wp-content/uploads/2021/01/icRetailerTileTheDetoxMarket.svg","divClass":"item card-item d-flex item-2895 col-6 col-md-3","aClass":"card card-case-study text-white w-100 rounded-0","figureClass":"card-case-img justify-content-center d-flex text-center mb-0","scriptSrc":"https://2hrmp9bzmmx3f0xil1wyssgx-wpengine.netdna-ssl.com/wp-content/uploads/2021/01/icRetailerTileTheDetoxMarket.svg","id":18,"div":false,"button":null,"cardBody":null}}},{"node":{"frontmatter":{"slug":"Credo Helps Online Shoppers Find Clean Beauty Virtually With HERO®","icon":"https://2hrmp9bzmmx3f0xil1wyssgx-wpengine.netdna-ssl.com/wp-content/uploads/2019/02/icRetailerCredo.svg","divClass":"item card-item d-flex item-304 col-md-6","aClass":"card card-case-study text-white ft__sm w-100 rounded-0 p-10","figureClass":"card-case-img justify-content-center d-flex text-center mb-0","scriptSrc":"https://2hrmp9bzmmx3f0xil1wyssgx-wpengine.netdna-ssl.com/wp-content/uploads/2019/02/icRetailerCredo.svg","id":19,"div":false,"button":"Read full story","cardBody":"“We are seeing off the chart results with virtual selling”"}}},{"node":{"frontmatter":{"slug":"Faherty Teams Up With HERO® to Launch Virtual Shopping Service","icon":"https://2hrmp9bzmmx3f0xil1wyssgx-wpengine.netdna-ssl.com/wp-content/uploads/2021/01/icRetailerTileFaherty.svg","divClass":"item card-item d-flex item-1600 col-6 col-md-3","aClass":"card card-case-study text-white w-100 rounded-0","figureClass":"card-case-img justify-content-center d-flex text-center mb-0","scriptSrc":"https://2hrmp9bzmmx3f0xil1wyssgx-wpengine.netdna-ssl.com/wp-content/uploads/2021/01/icRetailerTileFaherty.svg","id":20,"div":false,"button":null,"cardBody":null}}},{"node":{"frontmatter":{"slug":"Harvey Nichols Is Taking Personal Shopping Virtual With HERO®","icon":"https://2hrmp9bzmmx3f0xil1wyssgx-wpengine.netdna-ssl.com/wp-content/uploads/2021/01/icRetailerTileClareV.svg","divClass":"item card-item d-flex item-2491 col-6 col-md-3","aClass":"card card-case-study text-white w-100 rounded-0 card-disabled","figureClass":"card-case-img justify-content-center d-flex text-center mb-0","scriptSrc":"https://2hrmp9bzmmx3f0xil1wyssgx-wpengine.netdna-ssl.com/wp-content/uploads/2021/01/icRetailerTileClareV.svg","id":21,"div":true,"button":null,"cardBody":null}}},{"node":{"frontmatter":{"slug":"HERO® Helps Bring abc carpet & home to a New Generation of Shoppers","icon":"https://2hrmp9bzmmx3f0xil1wyssgx-wpengine.netdna-ssl.com/wp-content/uploads/2020/10/icRetailerTileAbcCarpetAndHome.svg","divClass":"item card-item d-flex item-1682 col-6 col-md-3","aClass":"card card-case-study text-white w-100 rounded-0","figureClass":"card-case-img justify-content-center d-flex text-center mb-0","scriptSrc":"https://2hrmp9bzmmx3f0xil1wyssgx-wpengine.netdna-ssl.com/wp-content/uploads/2020/10/icRetailerTileAbcCarpetAndHome.svg","id":22,"div":false,"button":null,"cardBody":null}}},{"node":{"frontmatter":{"slug":"Harvey Nichols Is Taking Personal Shopping Virtual With HERO®","icon":"https://2hrmp9bzmmx3f0xil1wyssgx-wpengine.netdna-ssl.com/wp-content/uploads/2021/01/icRetailerTileAllBirds.svg","divClass":"item card-item d-flex item-2488 col-6 col-md-3","aClass":"card card-case-study text-white w-100 rounded-0 card-disabled","figureClass":"card-case-img justify-content-center d-flex text-center mb-0","scriptSrc":"https://2hrmp9bzmmx3f0xil1wyssgx-wpengine.netdna-ssl.com/wp-content/uploads/2021/01/icRetailerTileAllBirds.svg","id":23,"div":true,"button":null,"cardBody":null}}}]}}}