{"data":{"allMarkdownRemark":{"edges":[{"node":{"frontmatter":{"slug":"UNTUCKit and HERO® Partner to Help Online Shoppers Find the Perfect Fit","icon":"https://2hrmp9bzmmx3f0xil1wyssgx-wpengine.netdna-ssl.com/wp-content/uploads/2020/06/icRetailerTileUntuckit.svg","divClass":"item card-item justify-content-center d-flex item-318 col-6","aClass":"card card-case-study text-white w-100 rounded-0","figureClass":"card-case-img justify-content-center d-flex text-center mb-0","scriptSrc":null,"id":1}}},{"node":{"frontmatter":{"slug":"rag & bone Helps Online Shoppers Find the Perfect Fit With HERO®","icon":"https://2hrmp9bzmmx3f0xil1wyssgx-wpengine.netdna-ssl.com/wp-content/uploads/2020/01/icRetailerTileRagAndBone.svg","divClass":"item card-item d-flex item-194 col-6","aClass":"card card-case-study text-white w-100 rounded-0","figureClass":"card-case-img justify-content-center d-flex text-center mb-0","scriptSrc":"https://2hrmp9bzmmx3f0xil1wyssgx-wpengine.netdna-ssl.com/wp-content/uploads/2020/01/icRetailerTileRagAndBone.svg","id":2}}},{"node":{"frontmatter":{"slug":"size? Delivers Footwear Expertise Virtually With HERO®","icon":"https://2hrmp9bzmmx3f0xil1wyssgx-wpengine.netdna-ssl.com/wp-content/uploads/2019/07/icRetailerTileSize.svg","divClass":"item card-item d-flex item-261 col-6","aClass":"card card-case-study text-white w-100 rounded-0","figureClass":"card-case-img justify-content-center d-flex text-center mb-0","scriptSrc":"https://2hrmp9bzmmx3f0xil1wyssgx-wpengine.netdna-ssl.com/wp-content/uploads/2019/07/icRetailerTileSize.svg","id":3}}},{"node":{"frontmatter":{"slug":"Harvey Nichols Is Taking Personal Shopping Virtual With HERO®","icon":"https://2hrmp9bzmmx3f0xil1wyssgx-wpengine.netdna-ssl.com/wp-content/uploads/2018/03/icRetailerTileHarveyNichols.svg","divClass":"item card-item gx-0 d-flex item-327 col-6","aClass":"card card-case-study text-white w-100 rounded-0","figureClass":"card-case-img justify-content-center d-flex text-center mb-0","scriptSrc":"https://2hrmp9bzmmx3f0xil1wyssgx-wpengine.netdna-ssl.com/wp-content/uploads/2018/03/icRetailerTileHarveyNichols.svg","id":4}}}]}}}